player_id,name,email,country,signup_date
1,John Thompson,baileyjulie@example.com,Jamaica,2025-04-28
2,Christina Fields,joseph18@example.org,Benin,2025-06-11
3,Raymond Gibbs,coxjanet@example.org,Dominica,2025-05-24
4,Gabriel Woods,stevensjerry@example.com,Pakistan,2024-09-03
5,Shelly Wilson,brewerpeggy@example.org,Bahamas,2024-06-21
6,Brandon Brewer,carolyn16@example.com,Ukraine,2025-12-28
7,Brandy Thomas,daniellegibson@example.net,North Macedonia,2025-03-24
8,Dustin Martinez,aarontaylor@example.com,New Caledonia,2024-12-06
9,Anthony Huffman,gary46@example.net,Bermuda,2025-04-07
10,Angela Anderson,ana16@example.org,Cape Verde,2025-11-21
11,Francisco Wise,bhamilton@example.org,Chad,2024-09-25
12,Lauren Santiago,melissa39@example.net,Palau,2026-03-19
13,Robert Matthews,radkins@example.com,French Polynesia,2024-12-11
14,Jay Knapp,manningmichelle@example.net,Brunei Darussalam,2026-02-12
15,Caitlin Johnson,sotoroy@example.org,British Indian Ocean Territory (Chagos Archipelago),2024-09-26
16,Ashley Blackburn,mckaysean@example.net,Timor-Leste,2024-08-19
17,Matthew Bradley,kylie52@example.net,Mozambique,2024-11-30
18,Cynthia Miller,tonyanelson@example.org,Tunisia,2024-05-09
19,Christopher May,nvelez@example.com,Italy,2025-12-03
20,Shannon Evans,anita35@example.com,Bouvet Island (Bouvetoya),2025-08-22
21,Brooke Webb,marcusmatthews@example.org,Comoros,2025-02-04
22,Jeremy Brooks,qsanchez@example.org,Netherlands,2025-04-29
23,Denise Fernandez,gloriareynolds@example.com,Mauritania,2025-01-10
24,Keith Gordon,pcox@example.net,United Arab Emirates,2025-08-27
25,Dr. Amanda Olsen,xlucero@example.com,Nepal,2025-08-04
26,John Lopez,nicolestephenson@example.org,Guernsey,2025-10-16
27,Brandon Waller,jennifer63@example.net,United States Minor Outlying Islands,2026-02-04
28,Shelby Bartlett,paulmckay@example.com,Haiti,2026-02-06
29,Kristopher Saunders,rebeccawilliams@example.org,Belarus,2025-07-19
30,Dr. Jacqueline Ferguson DDS,charlestrujillo@example.org,Saint Pierre and Miquelon,2025-03-02
31,Chase Mcclain,uweber@example.com,Pakistan,2024-09-26
32,Tina Williams,davidchristopher@example.com,Mongolia,2026-02-20
33,Mr. Donald Wallace DVM,ccombs@example.com,Niger,2024-09-30
34,Erin Jones,maryjoseph@example.org,Congo,2025-08-07
35,Kristin Huerta,kristin20@example.com,Morocco,2025-01-05
36,Amanda Miller,xprice@example.org,Saint Martin,2024-05-15
37,Jacob Jones,meghanharris@example.org,Mayotte,2025-05-19
38,Alicia Gutierrez,fwiley@example.com,Bangladesh,2025-07-02
39,Renee Page,amanda64@example.com,Faroe Islands,2025-12-31
40,Michael Kaufman,keithbob@example.net,Serbia,2025-12-08
41,Mark Mcknight,danagibson@example.net,Cameroon,2025-05-08
42,Melinda Brown,nsoto@example.org,Montenegro,2025-08-27
43,Angela Nunez,alyssa72@example.net,Andorra,2026-04-21
44,Cheyenne Gonzalez,rwatkins@example.com,Italy,2024-08-05
45,Anna Lucas,chelsea52@example.com,Nigeria,2026-04-15
46,Janet Payne,richardpowell@example.org,North Macedonia,2026-04-04
47,Carrie Robinson,ariel35@example.org,South Georgia and the South Sandwich Islands,2025-10-11
48,Jason Fisher,rschultz@example.org,Poland,2024-07-08
49,Michael Thomas,vburke@example.net,Germany,2024-05-23
50,Kevin Cole,murraychristopher@example.com,Saint Pierre and Miquelon,2025-07-09
51,Karen Arroyo,orichardson@example.net,Slovakia (Slovak Republic),2026-02-27
52,Dylan Everett,riversnancy@example.com,Congo,2025-12-14
53,Brittney Smith MD,jamescastro@example.org,Macao,2026-03-29
54,Madeline Gonzalez,johnstontommy@example.org,Togo,2026-01-30
55,Leslie Taylor,millertimothy@example.org,Libyan Arab Jamahiriya,2024-10-24
56,Eric Ruiz,melissa40@example.org,Austria,2024-09-24
57,William Garcia,shermanjames@example.com,American Samoa,2025-09-16
58,Nicole Salas,dominguezgary@example.org,Netherlands,2025-03-29
59,Jeff Tapia,idiaz@example.org,Tajikistan,2025-12-23
60,Melinda Wilson,willie08@example.net,El Salvador,2026-02-26
61,Christopher Morgan,lewiskristen@example.net,Sweden,2025-05-24
62,Donna Miller,umiller@example.net,Tonga,2024-08-15
63,Shawn Levine,marias@example.com,Panama,2026-01-31
64,Michelle Washington,vincent85@example.org,Mexico,2024-09-25
65,Jennifer Blake,juliatyler@example.net,Canada,2024-08-05
66,Steven Rowe,rodriguezmichael@example.net,San Marino,2026-01-06
67,Mitchell Miller,robbinsdanny@example.net,Samoa,2024-09-26
68,Lindsey Reyes,vmejia@example.net,Hong Kong,2025-08-31
69,Richard Larson,andrewmeza@example.com,Sweden,2024-09-21
70,Jeffrey Jensen,williamleon@example.net,British Indian Ocean Territory (Chagos Archipelago),2025-04-20
71,Ronnie Williamson,bakerchristopher@example.org,China,2024-11-29
72,April Martinez,tsellers@example.com,Germany,2025-07-22
73,Lauren Brown,lisa90@example.org,Martinique,2025-09-03
74,Jon Parker,zsolis@example.org,Norway,2026-04-12
75,Chad Olson,olsonlisa@example.com,Azerbaijan,2024-10-07
76,Alex Sanchez,umaldonado@example.org,Estonia,2025-05-16
77,John Boyer,lambertbryan@example.net,Turkmenistan,2026-04-14
78,Ryan Mcpherson,barneschristian@example.com,Saint Lucia,2025-12-14
79,Courtney Young,reginaconway@example.org,United States of America,2025-01-27
80,Mr. Keith Morales II,cynthiamartinez@example.org,Isle of Man,2025-05-03
81,Terrence Morris,deannatyler@example.net,Bolivia,2025-01-09
82,Jeremy Carlson,mclaughlinronald@example.org,Netherlands,2026-02-05
83,Chad Blair,robin59@example.com,Heard Island and McDonald Islands,2025-12-24
84,Angela Cummings,karenmejia@example.net,Jersey,2025-11-17
85,Jacqueline Townsend,bakersusan@example.net,Liechtenstein,2024-08-23
86,Donna Rodriguez,ucastillo@example.net,Grenada,2025-12-22
87,Linda Harris,muellerrichard@example.net,Canada,2025-11-04
88,Curtis Phillips,connorhall@example.org,Madagascar,2025-09-22
89,Dr. Brandon Edwards,lisahall@example.com,Russian Federation,2025-02-10
90,Sara Fernandez,jessicacoleman@example.com,Korea,2025-11-09
91,Evan Marks,brandon43@example.com,Equatorial Guinea,2025-04-01
92,Elizabeth Lamb,tiffany11@example.com,Mali,2026-02-17
93,Dr. Veronica Lee,amberlittle@example.org,United States Minor Outlying Islands,2026-04-14
94,Joshua Moore,fduarte@example.com,Trinidad and Tobago,2024-05-08
95,Jennifer Thompson,gregory17@example.com,Korea,2024-10-06
96,Chelsea Roberts,parkerchristopher@example.net,Western Sahara,2026-02-02
97,Mark Cochran,marshwalter@example.com,Wallis and Futuna,2024-11-30
98,Christina Harris,wagnercindy@example.net,Armenia,2024-07-21
99,James Mann,jeremy95@example.com,Japan,2025-02-26
100,Amber Silva,laurieramirez@example.com,Morocco,2025-06-26
